Position_seq	AA_seq	Position_pdb	CovET_Coverage	EVC_Coverage	DCA_Coverage	ET-MIp_Coverage
1	M	1	0.26635514018691586	0.028037383177570093	0.14953271028037382	0.1588785046728972
2	A	2	0.5186915887850467	0.028037383177570093	0.14953271028037382	0.037383177570093455
3	S	3	0.7476635514018691	0.04205607476635514	0.2523364485981308	0.037383177570093455
4	E	4	0.7102803738317757	0.07476635514018691	0.1588785046728972	0.10747663551401869
5	T	5	0.7570093457943925	0.07476635514018691	0.1588785046728972	0.10747663551401869
6	F	6	0.7897196261682243	0.308411214953271	0.34579439252336447	0.22429906542056074
7	E	7	0.8317757009345794	0.42990654205607476	0.3925233644859813	0.24299065420560748
8	F	8	0.19626168224299065	0.5467289719626168	0.5607476635514018	0.4205607476635514
9	Q	9	0.397196261682243	0.3925233644859813	0.3878504672897196	0.32710280373831774
10	A	10	0.3037383177570093	0.5	0.45794392523364486	0.35514018691588783
11	E	11	0.22429906542056074	0.3925233644859813	0.3878504672897196	0.32710280373831774
12	I	12	0.29906542056074764	0.677570093457944	0.4766355140186916	0.4532710280373832
13	T	13	0.6822429906542056	0.5186915887850467	0.411214953271028	0.397196261682243
14	Q	14	0.3925233644859813	0.4485981308411215	0.411214953271028	0.397196261682243
15	L	15	0.2803738317757009	0.7102803738317757	0.7523364485981309	0.5327102803738317
16	M	16	0.21495327102803738	0.616822429906542	0.5373831775700935	0.7570093457943925
17	S	17	0.6915887850467289	0.5046728971962616	0.5887850467289719	0.5981308411214953
18	L	18	0.24766355140186916	0.4252336448598131	0.4392523364485981	0.6915887850467289
19	I	19	0.2383177570093458	0.4252336448598131	0.3644859813084112	0.6635514018691588
20	I	20	0.3644859813084112	0.5934579439252337	0.5794392523364486	0.6401869158878505
21	N	21	0.2757009345794392	0.6261682242990654	0.6915887850467289	0.7242990654205608
22	T	22	0.16822429906542055	0.7429906542056075	0.5233644859813084	0.7616822429906542
23	V	23	0.205607476635514	0.48130841121495327	0.3644859813084112	0.7990654205607477
24	Y	24	0.06542056074766354	0.8457943925233645	0.8644859813084113	0.822429906542056
25	S	25	0.27102803738317754	0.9345794392523364	0.6495327102803738	0.794392523364486
26	N	26	0.45794392523364486	0.7336448598130841	0.7990654205607477	0.7242990654205608
27	K	27	0.4205607476635514	0.48598130841121495	0.5654205607476636	0.6588785046728972
28	E	28	0.2523364485981308	0.5560747663551402	0.8177570093457944	0.7383177570093458
29	I	29	0.2570093457943925	0.5934579439252337	0.677570093457944	0.6822429906542056
30	F	30	0.11682242990654206	0.7289719626168224	0.6588785046728972	0.8177570093457944
31	L	31	0.24299065420560748	0.6869158878504673	0.6728971962616822	0.8084112149532711
32	R	32	0.07476635514018691	0.9158878504672897	0.9018691588785047	0.8691588785046729
33	E	33	0.028037383177570093	0.8878504672897196	0.7242990654205608	0.8691588785046729
34	I	34	0.14485981308411214	0.8691588785046729	0.8878504672897196	0.8551401869158879
35	V	35	0.40186915887850466	0.5841121495327103	0.8504672897196262	0.7289719626168224
36	S	36	0.0794392523364486	0.8598130841121495	0.6401869158878505	0.8785046728971962
37	N	37	0.028037383177570093	0.8598130841121495	0.6401869158878505	0.9112149532710281
38	A	38	0.3878504672897196	0.9532710280373832	0.9813084112149533	0.8504672897196262
39	S	39	0.20093457943925233	0.5700934579439252	0.6074766355140186	0.8130841121495327
40	D	40	0.09813084112149532	0.794392523364486	0.5981308411214953	0.9345794392523364
41	A	41	0.11214953271028037	0.794392523364486	0.5981308411214953	0.9345794392523364
42	L	42	0.4672897196261682	0.6448598130841121	0.9299065420560748	0.7663551401869159
43	D	43	0.19158878504672897	0.5700934579439252	0.6074766355140186	0.8598130841121495
44	K	44	0.10747663551401869	0.8317757009345794	0.5093457943925234	0.9158878504672897
45	I	45	0.5560747663551402	0.8364485981308412	0.8738317757009346	0.7897196261682243
46	R	46	0.2616822429906542	0.8037383177570093	0.9299065420560748	0.8738317757009346
47	Y	47	0.4158878504672897	0.883177570093458	0.9065420560747663	0.780373831775701
48	K	48	0.8177570093457944	0.897196261682243	0.9485981308411215	0.6869158878504673
49	S	49	0.5981308411214953	0.7242990654205608	0.8691588785046729	0.5093457943925234
50	L	50	0.5607476635514018	0.38317757009345793	0.4252336448598131	0.4672897196261682
51	S	51	0.6869158878504673	0.38317757009345793	0.4252336448598131	0.4672897196261682
52	D	52	0.616822429906542	0.20093457943925233	0.04672897196261682	0.308411214953271
53	P	53	0.6214953271028038	0.20093457943925233	0.04672897196261682	0.308411214953271
54	K	54	0.9672897196261683	0.3644859813084112	0.4532710280373832	0.26635514018691586
55	Q	55	0.8364485981308412	0.3644859813084112	0.4532710280373832	0.2523364485981308
56	L	56	0.8691588785046729	0.6635514018691588	0.8084112149532711	0.37383177570093457
57	E	57	0.883177570093458	0.46261682242990654	0.6261682242990654	0.2523364485981308
58	T	58	0.9439252336448598	0.46261682242990654	0.6261682242990654	0.21962616822429906
59	E	59	0.9439252336448598	0.2383177570093458	0.3037383177570093	0.205607476635514
60	P	60	0.7850467289719626	0.2383177570093458	0.3037383177570093	0.205607476635514
61	D	61	0.35514018691588783	0.6074766355140186	0.49065420560747663	0.45794392523364486
62	L	62	0.35046728971962615	0.32710280373831774	0.14018691588785046	0.5747663551401869
63	F	63	0.780373831775701	0.32710280373831774	0.14018691588785046	0.4392523364485981
64	I	64	0.514018691588785	0.6448598130841121	0.4439252336448598	0.5934579439252337
65	R	65	0.9766355140186916	0.6495327102803738	0.7476635514018691	0.4392523364485981
66	I	66	0.46261682242990654	0.17757009345794392	0.2102803738317757	0.2383177570093458
67	T	67	0.8644859813084113	0.17757009345794392	0.2102803738317757	0.2336448598130841
68	P	68	0.7383177570093458	0.4532710280373832	0.3317757009345794	0.2336448598130841
69	K	69	0.6074766355140186	0.40186915887850466	0.35046728971962615	0.3130841121495327
70	P	70	0.7242990654205608	0.40186915887850466	0.3130841121495327	0.3317757009345794
71	E	71	0.5327102803738317	0.40654205607476634	0.3364485981308411	0.5373831775700935
72	Q	72	0.985981308411215	0.3130841121495327	0.5420560747663551	0.5046728971962616
73	K	73	0.9112149532710281	0.514018691588785	0.7616822429906542	0.49065420560747663
74	V	74	0.7523364485981309	0.2803738317757009	0.5186915887850467	0.48598130841121495
75	L	75	0.4392523364485981	0.6962616822429907	0.7757009345794392	0.7850467289719626
76	E	76	0.7149532710280374	0.2803738317757009	0.5186915887850467	0.48598130841121495
77	I	77	0.4719626168224299	0.8411214953271028	1	0.677570093457944
78	R	78	0.9345794392523364	0.2102803738317757	0.27102803738317754	0.29906542056074764
79	D	79	0.009345794392523364	0.9252336448598131	0.8271028037383178	0.9906542056074766
80	S	80	0.5420560747663551	0.7570093457943925	0.7663551401869159	0.705607476635514
81	G	81	0.009345794392523364	0.9252336448598131	0.7102803738317757	0.985981308411215
82	I	82	0.43457943925233644	0.9672897196261683	0.985981308411215	0.6962616822429907
83	G	83	0.037383177570093455	0.9065420560747663	0.7102803738317757	0.9953271028037384
84	M	84	0.1308411214953271	0.9065420560747663	0.822429906542056	0.897196261682243
85	T	85	0.6588785046728972	0.7383177570093458	0.9158878504672897	0.7429906542056075
86	K	86	0.7663551401869159	0.4719626168224299	0.5747663551401869	0.5560747663551402
87	A	87	0.9813084112149533	0.4719626168224299	0.5747663551401869	0.5514018691588785
88	E	88	0.411214953271028	0.5607476635514018	0.883177570093458	0.6682242990654206
89	L	89	0.4252336448598131	0.5747663551401869	0.616822429906542	0.7710280373831776
90	I	90	0.8084112149532711	0.8084112149532711	0.9205607476635514	0.6074766355140186
91	N	91	0.9485981308411215	0.5327102803738317	0.6308411214953271	0.5514018691588785
92	N	92	0.37383177570093457	0.6214953271028038	0.8598130841121495	0.6308411214953271
93	L	93	0.17757009345794392	0.3364485981308411	0.37850467289719625	0.8317757009345794
94	G	94	0.06074766355140187	0.9766355140186916	0.8411214953271028	0.9626168224299065
95	T	95	0.2336448598130841	0.7757009345794392	0.7383177570093458	0.8411214953271028
96	I	96	0.1542056074766355	0.8177570093457944	0.6682242990654206	0.9252336448598131
97	A	97	0.056074766355140186	0.8177570093457944	0.6682242990654206	0.9439252336448598
98	K	98	0.5280373831775701	0.7757009345794392	0.7990654205607477	0.616822429906542
99	S	99	0.04205607476635514	0.9485981308411215	0.6869158878504673	0.9719626168224299
100	G	100	0.07009345794392523	0.9485981308411215	0.6869158878504673	0.9719626168224299
101	T	101	0.1261682242990654	0.8644859813084113	0.8551401869158879	0.8925233644859814
102	K	102	0.5467289719626168	0.4485981308411215	0.5046728971962616	0.6542056074766355
103	A	103	0.22897196261682243	0.5420560747663551	0.20093457943925233	0.8878504672897196
104	F	104	0.102803738317757	0.5420560747663551	0.20093457943925233	0.8878504672897196
105	M	105	0.7429906542056075	0.719626168224299	0.7336448598130841	0.4158878504672897
106	E	106	0.8738317757009346	0.9392523364485982	0.8317757009345794	0.35046728971962615
107	A	107	0.8598130841121495	0.719626168224299	0.7336448598130841	0.35046728971962615
108	L	108	0.822429906542056	0.7663551401869159	0.8785046728971962	0.42990654205607476
109	S	109	0.8878504672897196	0.7663551401869159	0.8925233644859814	0.42990654205607476
110	A	110	0.6448598130841121	0.18691588785046728	0.12149532710280374	0.17289719626168223
111	G	111	0.6308411214953271	0.18691588785046728	0.12149532710280374	0.17289719626168223
112	A	112	0.6308411214953271	0.2570093457943925	0.2616822429906542	0.17757009345794392
113	D	113	0.719626168224299	0.26635514018691586	0.308411214953271	0.14018691588785046
114	V	114	0.7336448598130841	0.24299065420560748	0.16822429906542055	0.11682242990654206
115	S	115	0.6682242990654206	0.1308411214953271	0.16822429906542055	0.11682242990654206
116	M	116	0.6682242990654206	0.1308411214953271	0.29439252336448596	0.1308411214953271
117	I	117	0.08878504672897196	0.2897196261682243	0.19158878504672897	0.5280373831775701
118	G	118	0.08878504672897196	0.2897196261682243	0.19158878504672897	0.5280373831775701
119	Q	119	0.13551401869158877	0.9626168224299065	0.7897196261682243	0.9065420560747663
120	F	120	0.04672897196261682	0.9906542056074766	0.9906542056074766	1
121	G	121	0.03271028037383177	0.985981308411215	0.9579439252336449	0.9766355140186916
122	V	122	0.12149532710280374	0.9626168224299065	0.7897196261682243	0.9392523364485982
123	G	123	0.0514018691588785	0.9953271028037384	0.9766355140186916	0.9532710280373832
124	F	124	0.018691588785046728	1	0.9766355140186916	0.9579439252336449
125	Y	125	0.018691588785046728	0.9813084112149533	0.8411214953271028	0.9813084112149533
126	S	126	0.1822429906542056	0.8925233644859814	0.9953271028037384	0.8457943925233645
127	L	127	0.5233644859813084	0.5233644859813084	0.5841121495327103	0.6728971962616822
128	F	128	0.14953271028037382	0.9345794392523364	0.7429906542056075	0.9018691588785047
129	L	129	0.18691588785046728	0.8504672897196262	0.6121495327102804	0.8364485981308412
130	V	130	0.21962616822429906	0.7523364485981309	0.6588785046728972	0.8271028037383178
131	A	131	0.2850467289719626	0.21962616822429906	0.37383177570093457	0.4766355140186916
132	D	132	0.6542056074766355	0.21962616822429906	0.37383177570093457	0.4766355140186916
133	R	133	0.9065420560747663	0.2523364485981308	0.4158878504672897	0.3411214953271028
134	V	134	0.38317757009345793	0.22897196261682243	0.43457943925233644	0.5420560747663551
135	Q	135	0.9626168224299065	0.22897196261682243	0.43457943925233644	0.3411214953271028
136	V	136	0.5093457943925234	0.16822429906542055	0.2383177570093458	0.2850467289719626
137	I	137	0.9018691588785047	0.2616822429906542	0.3411214953271028	0.2850467289719626
138	S	138	0.5747663551401869	0.16822429906542055	0.2383177570093458	0.2897196261682243
139	K	139	0.7757009345794392	0.29906542056074764	0.32242990654205606	0.09345794392523364
140	S	140	0.794392523364486	0.37383177570093457	0.46261682242990654	0.08878504672897196
141	N	141	0.7990654205607477	0.29906542056074764	0.32242990654205606	0.08878504672897196
142	D	142	0.8411214953271028	0.3037383177570093	0.32710280373831774	0.09813084112149532
143	D	143	0.7757009345794392	0.4766355140186916	0.5327102803738317	0.13551401869158877
144	E	144	0.5841121495327103	0.018691588785046728	0.037383177570093455	0.14953271028037382
145	Q	145	0.5841121495327103	0.018691588785046728	0.037383177570093455	0.14953271028037382
146	Y	146	0.677570093457944	0.35514018691588783	0.2850467289719626	0.7336448598130841
147	I	147	0.9158878504672897	0.35514018691588783	0.2850467289719626	0.5794392523364486
148	W	148	0.09345794392523364	0.9719626168224299	0.9439252336448598	0.9485981308411215
149	E	149	0.8551401869158879	0.3691588785046729	0.5467289719626168	0.5607476635514018
150	S	150	0.17289719626168223	0.602803738317757	0.24766355140186916	0.9205607476635514
151	N	151	0.7616822429906542	0.602803738317757	0.24766355140186916	0.7009345794392523
152	A	152	0.308411214953271	0.6822429906542056	0.35514018691588783	0.5700934579439252
153	G	153	0.8130841121495327	0.6728971962616822	0.5	0.4485981308411215
154	G	154	0.5887850467289719	0.6728971962616822	0.5	0.4485981308411215
155	S	155	0.8457943925233645	0.7476635514018691	0.9345794392523364	0.514018691588785
156	F	156	0.37850467289719625	0.9112149532710281	0.9672897196261683	0.8037383177570093
157	T	157	0.9252336448598131	0.7850467289719626	0.9532710280373832	0.3878504672897196
158	V	158	0.8504672897196262	0.7850467289719626	0.9392523364485982	0.3177570093457944
159	T	159	0.9953271028037384	0.34579439252336447	0.40186915887850466	0.2757009345794392
160	L	160	0.9205607476635514	0.34579439252336447	0.40186915887850466	0.2757009345794392
161	D	161	0.34579439252336447	0.037383177570093455	0.009345794392523364	0.0794392523364486
162	E	162	0.34579439252336447	0.037383177570093455	0.009345794392523364	0.0794392523364486
163	V	163	0.32710280373831774	0.11214953271028037	0.21962616822429906	0.2616822429906542
164	N	164	0.32710280373831774	0.11214953271028037	0.21962616822429906	0.2616822429906542
165	E	165	0.4766355140186916	0.14953271028037382	0.2897196261682243	0.21495327102803738
166	R	166	0.7289719626168224	0.102803738317757	0.0794392523364486	0.056074766355140186
167	I	167	0.6401869158878505	0.056074766355140186	0.056074766355140186	0.04672897196261682
168	G	168	0.6401869158878505	0.056074766355140186	0.056074766355140186	0.04672897196261682
169	R	169	0.5373831775700935	0.8037383177570093	0.719626168224299	0.7102803738317757
170	G	170	0.2897196261682243	0.705607476635514	0.719626168224299	0.7757009345794392
171	T	171	0.29439252336448596	0.705607476635514	0.7710280373831776	0.7476635514018691
172	I	172	0.9345794392523364	0.2102803738317757	0.27102803738317754	0.29906542056074764
173	L	173	0.40654205607476634	0.27102803738317754	0.09345794392523364	0.5186915887850467
174	R	174	0.6728971962616822	0.19158878504672897	0.07476635514018691	0.411214953271028
175	L	175	0.3691588785046729	0.1588785046728972	0.06542056074766354	0.40654205607476634
176	F	176	0.6962616822429907	0.1588785046728972	0.06542056074766354	0.40654205607476634
177	L	177	0.5514018691588785	0.6588785046728972	0.7009345794392523	0.602803738317757
178	K	178	0.42990654205607476	0.6588785046728972	0.7009345794392523	0.6355140186915887
179	D	179	0.9579439252336449	0.514018691588785	0.6448598130841121	0.5654205607476636
180	D	180	0.16355140186915887	0.6355140186915887	0.4719626168224299	0.3691588785046729
181	Q	181	0.16355140186915887	0.6355140186915887	0.4719626168224299	0.3691588785046729
182	L	182	0.9719626168224299	0.12149532710280374	0.1822429906542056	0.1261682242990654
183	E	183	0.7009345794392523	0.12149532710280374	0.1308411214953271	0.1822429906542056
184	Y	184	0.705607476635514	0.13551401869158877	0.1308411214953271	0.1261682242990654
185	L	185	0.5700934579439252	0.4158878504672897	0.48598130841121495	0.3598130841121495
186	E	186	0.8925233644859814	0.4158878504672897	0.48598130841121495	0.38317757009345793
187	E	187	0.9906542056074766	0.4953271028037383	0.5560747663551402	0.5
188	K	188	1	0.6121495327102804	0.7570093457943925	0.38317757009345793
189	R	189	0.8037383177570093	0.5560747663551402	0.8177570093457944	0.6121495327102804
190	I	190	0.602803738317757	0.8785046728971962	0.9626168224299065	0.6214953271028038
191	K	191	0.8271028037383178	0.4953271028037383	0.5560747663551402	0.5
192	E	192	0.897196261682243	0.4392523364485981	0.17757009345794392	0.5887850467289719
193	V	193	0.4953271028037383	0.4392523364485981	0.17757009345794392	0.5887850467289719
194	I	194	0.5046728971962616	0.5841121495327103	0.8504672897196262	0.6495327102803738
195	K	195	0.8785046728971962	0.8738317757009346	0.8037383177570093	0.6261682242990654
196	R	196	0.5654205607476636	0.6915887850467289	0.9112149532710281	0.6448598130841121
197	H	197	0.2102803738317757	0.8271028037383178	0.5280373831775701	0.7149532710280374
198	S	198	0.14018691588785046	0.8271028037383178	0.897196261682243	0.7523364485981309
199	E	199	0.3364485981308411	0.14485981308411214	0.102803738317757	0.2102803738317757
200	F	200	0.3364485981308411	0.14485981308411214	0.102803738317757	0.19626168224299065
201	V	201	0.3598130841121495	0.24766355140186916	0.2570093457943925	0.19626168224299065
202	A	202	0.48130841121495327	0.3177570093457944	0.22897196261682243	0.1542056074766355
203	Y	203	0.4532710280373832	0.3317757009345794	0.22897196261682243	0.16355140186915887
204	P	204	0.6121495327102804	0.09813084112149532	0.018691588785046728	0.07009345794392523
205	I	205	0.49065420560747663	0.09813084112149532	0.018691588785046728	0.07009345794392523
206	Q	206	0.9532710280373832	0.5280373831775701	0.780373831775701	0.18691588785046728
207	L	207	0.5934579439252337	0.08411214953271028	0.08878504672897196	0.028037383177570093
208	V	208	0.6495327102803738	0.08411214953271028	0.08878504672897196	0.018691588785046728
209	V	209	0.5	0.04672897196261682	0.07009345794392523	0.014018691588785047
210	T	210	0.4485981308411215	0.009345794392523364	0.028037383177570093	0.009345794392523364
211	K	211	0.4485981308411215	0.009345794392523364	0.028037383177570093	0.009345794392523364
212	E	212	0.48598130841121495	0.08878504672897196	0.2757009345794392	0.02336448598130841
213	V	213	0.3177570093457944	0.06542056074766354	0.11214953271028037	0.0514018691588785
214	E	214	0.3177570093457944	0.06542056074766354	0.11214953271028037	0.06074766355140187
