Position_i	Position_j	CovET	CovET_Rank	EVC	EVC_Rank	DCA	DCA_Rank	ET-MIp	ET-MIp_Rank
1	2	1675.34	49	1.592595	1	0.7030408	3	25.463	1
1	3	1762.698	177	0.524146	8	0.03746187	104	7.343	12
1	4	1743.166	151	0.038867	157	0.02548908	146	-0.161	454
1	5	1722.582	119	-0.073128	416	-0.0059882	258	-0.105	429
1	6	2530.702	564	-0.062436	388	-0.02122004	329	-0.464	540
1	7	1754.667	166	-0.076081	421	-0.02560626	360	-0.298	503
1	8	1712.154	101	-0.050425	354	-0.02025636	323	-0.331	509
1	9	1720.381	118	-0.110676	505	-0.06977419	541	-0.207	474
1	10	1835.093	250	-0.067805	400	-0.09815077	577	-0.289	498
1	11	1715.908	108	-0.122179	523	-0.07553678	551	-0.168	458
1	12	2144.874	458	-0.037522	327	0.00990789	203	0.301	291
1	13	1819.873	237	-0.089696	460	-0.0166266	309	0.661	233
1	14	2532.905	565	-0.076833	423	-0.04497295	462	0.268	302
1	15	2066.697	415	0.027288	179	-0.03150569	392	-0.108	432
1	16	1772.05	188	-0.054229	365	0.00768468	212	-0.419	531
1	17	1941.808	332	-0.094212	469	-0.04912793	475	-0.17	460
1	18	2207.139	492	0.010363	222	0.01536664	178	-1.255	592
1	19	1737.737	143	-0.059875	378	0.02798336	138	0.842	197
1	20	1782.484	200	-0.171365	572	0.00771039	211	-0.893	586
1	21	1799.243	218	-0.09544	473	-0.02946939	378	-1.012	589
1	22	1744.179	152	-0.180729	575	-0.02105751	328	0.027	371
1	23	1713.843	103	-0.073292	417	-0.03052916	383	1.706	114
1	24	2160.7	466	-0.237911	593	-0.0327351	399	-0.709	567
1	25	2000.778	369	-0.084467	445	-0.02423034	350	0.461	261
1	26	1906.767	307	-0.159343	561	-0.03625153	417	-0.224	479
1	27	1927.423	325	0.021995	190	-0.0262114	362	-0.89	584
1	28	1729.747	132	-0.093271	466	-0.04080905	442	-0.084	417
1	29	1802.099	224	-0.096364	476	-0.03891655	434	-0.66	562
1	30	1727.19	129	-0.020576	280	-0.03058798	384	-0.055	407
1	31	2158.813	465	0.007763	225	-0.03031946	380	-0.128	440
1	32	1777.776	195	-0.12928	532	-0.04338733	453	-0.743	574
1	33	1707.383	92	0.04793	149	0.04904782	79	-0.173	462
1	34	1739.883	148	-0.033791	312	-0.03982246	438	-0.396	519
1	35	1777.601	193	-0.009557	257	-0.02668265	363	-0.6	556
2	3	1797.068	216	0.90669	4	0.402917	4	14.125	3
2	4	1853.226	262	-0.096746	478	-0.02411465	349	0.336	285
2	5	1834.543	249	-0.06575	398	-0.0447558	458	-0.107	431
2	6	2423.706	556	-0.035544	322	0.05318927	76	2.151	90
2	7	1860.285	269	-0.149207	554	-0.04319175	451	-0.559	552
2	8	1827.043	243	-0.109853	503	-0.06992927	542	-0.399	522
2	9	1817.348	235	-0.086234	451	-0.09365088	570	0.365	279
2	10	1902.937	304	-0.26936	595	-0.1388739	593	0.257	305
2	11	1817.372	236	-0.172711	574	-0.06963714	540	-0.157	452
2	12	2125.732	448	-0.051831	360	-0.0136998	293	1.33	143
2	13	1891.424	294	-0.033843	313	0.01505522	179	-0.703	566
2	14	2425.362	557	-0.081749	434	-0.01584175	306	2.287	85
2	15	2107.297	437	-0.20194	584	-0.0961961	574	-0.284	496
2	16	1886.745	290	-0.026524	295	-0.01560384	304	-0.406	524
2	17	1993.142	363	-0.040759	334	-0.01544503	303	-0.897	587
2	18	2192.135	482	-0.087252	454	-0.00448963	253	-0.096	425
2	19	1831.309	246	-0.050051	353	-0.01332619	290	-0.018	385
2	20	1856.838	265	0.072811	116	-0.03165228	393	0.829	201
2	21	1866.904	274	-0.115363	513	-0.02672617	364	-0.715	569
2	22	1847.398	255	0.032678	170	0.00178967	233	1.611	118
2	23	1833.62	247	-0.082172	435	-0.06067071	519	0.786	210
2	24	2158.463	463	-0.151947	557	-0.01042119	271	0.816	203
2	25	2036.569	386	-0.103499	492	-0.03688296	421	1.503	129
2	26	1977.375	352	-0.084447	444	-0.03983805	439	-0.994	588
2	27	1977.85	353	-0.071695	414	-0.03514489	413	-0.735	573
2	28	1849.812	258	-0.069386	407	-0.05765628	512	-0.199	470
2	29	1879.805	284	-0.015678	269	-0.00271442	245	0.34	283
2	30	1830.728	245	-0.117283	516	-0.03401754	408	0.13	341
2	31	2114.517	442	0.014882	216	0.01203492	195	1.838	102
2	32	1872.625	276	-0.08518	448	-0.06538634	530	-0.8	579
2	33	1823.688	241	-0.048815	351	-0.08387868	562	-0.131	443
2	34	1838.059	251	-0.015139	268	-0.02148106	332	-0.685	563
2	35	1857.707	267	-0.003128	248	0.00906339	208	-0.615	558
3	4	1766.846	184	0.196036	37	0.05045947	77	1.744	107
3	5	1752.984	164	0.121544	75	0.01180173	196	1.28	151
3	6	2383.383	548	0.115309	82	0.00704473	215	4.324	37
3	7	1804.174	226	-0.137214	543	-0.04815095	472	-0.727	571
3	8	1746.66	155	-0.123692	525	-0.0522892	494	0.555	247
3	9	1762.324	176	-0.170662	571	-0.10096	578	-0.166	457
3	10	1863.891	271	-0.142043	551	-0.04450648	456	-0.466	541
3	11	1751.779	162	0.015536	213	0.03305951	119	0.453	262
3	12	2110.466	439	0.009076	224	0.02790692	140	-0.275	494
3	13	1848.001	257	-0.034718	319	0.0409374	94	0.412	272
3	14	2301.408	526	-0.10397	493	3.626e-4	238	4.057	42
3	15	2054.321	408	-0.137417	544	-0.04482444	460	-1.832	595
3	16	1804.731	228	-0.094391	470	-0.02756882	368	0.421	267
3	17	1940.592	331	-0.078915	427	-0.01566652	305	0.558	245
3	18	2106.684	436	-0.1107	506	-0.05052449	488	1.344	141
3	19	1785.389	205	-0.029561	302	1.3266e-4	239	-0.479	543
3	20	1813.459	234	0.116331	80	7.1595e-4	237	0.59	242
3	21	1824.313	242	-0.112574	509	-0.02677078	365	2.028	95
3	22	1783.621	202	-0.023002	287	-0.03349905	406	0.207	323
3	23	1777.58	192	-0.04346	341	-0.02342024	341	0.133	340
3	24	2123.295	447	0.01429	218	0.01058745	201	0.888	188
3	25	2025.053	380	0.011622	221	0.00293013	229	0.517	251
3	26	1952.932	339	-0.124083	526	-0.04081752	443	-1.421	593
3	27	1976.518	351	-0.001881	245	-0.01938587	319	0.141	336
3	28	1770.05	187	-0.135858	541	-0.05884663	515	-0.268	489
3	29	1822.048	239	-0.118882	518	-0.02945038	377	-0.104	427
3	30	1758.209	172	-0.093675	468	-0.02527721	357	0.665	231
3	31	2101.229	431	-0.07997	430	0.03509254	109	1.724	113
3	32	1789.2	211	0.048266	147	0.02457286	151	0.419	270
3	33	1748.068	156	-0.042839	340	-0.04450522	455	-0.118	436
3	34	1765.755	181	-0.028803	301	0.00723037	214	0.424	266
3	35	1807.8	232	-0.117528	517	-0.02352506	342	-0.236	483
4	5	1645.707	14	0.660696	5	0.3535688	5	3.612	50
4	6	2664.539	576	0.450081	10	0.1350818	22	3.575	51
4	7	1696.747	80	0.00135	236	-0.02556907	359	1.293	149
4	8	1650.966	20	-0.021921	284	0.05499121	74	0.41	273
4	9	1664.628	35	-0.112295	508	-0.05274959	499	0.242	309
4	10	1852.32	260	-0.086186	450	-0.05471266	502	0.143	335
4	11	1662.219	32	-0.132237	539	-0.08383527	561	0.098	355
4	12	2272.321	512	-0.043632	342	-0.03787441	429	0.628	238
4	13	1803.521	225	-0.087593	456	-0.05511625	506	0.416	271
4	14	2831.895	587	-0.058632	375	-0.0246326	352	-0.011	384
4	15	2061.831	411	-0.069104	406	0.00337498	227	0.127	344
4	16	1718.997	115	1.3e-4	240	-0.00664356	260	-0.294	502
4	17	1973.558	349	-0.042054	337	-0.0153564	301	0.121	348
4	18	2302.146	527	0.020392	196	-0.00412684	250	2.05	93
4	19	1694.623	77	-0.012718	264	0.0053336	220	-0.204	473
4	20	1719.569	116	0.025266	185	0.0383716	101	0.245	306
4	21	1760.949	175	0.054739	131	0.04646593	85	0.541	248
4	22	1693.526	76	-0.206493	588	-0.03844872	430	-0.349	513
4	23	1688.05	69	-0.098767	482	-0.04503132	463	-0.197	469
4	24	2276.562	515	0.069703	121	7.898e-5	240	-0.422	533
4	25	2048.159	403	-0.099896	486	-0.01425525	295	-0.274	493
4	26	1901.737	303	-5.3e-4	241	-0.01124055	279	-0.358	515
4	27	1947.993	336	-0.009299	256	-0.02082824	327	-0.823	581
4	28	1667.149	37	-0.025343	290	0.02109775	155	0.269	301
4	29	1744.654	153	0.006691	228	-0.02268123	337	0.509	254
4	30	1672.915	46	-0.099501	485	-0.05484877	504	-0.285	497
4	31	2362.914	540	-0.092599	465	-0.05917697	516	-0.13	442
4	32	1744.669	154	-0.068609	403	-0.0675829	539	-0.192	467
4	33	1650.266	19	-0.099335	484	0.0309671	128	-0.125	438
4	34	1698.407	83	-0.006187	252	-0.05283502	500	0.126	345
4	35	1733.499	139	-0.087516	455	-0.02449325	351	-0.387	517
5	6	2740.713	583	0.487736	9	0.2441488	10	4.249	38
5	7	1676.942	52	0.127665	70	0.1264356	27	1.262	153
5	8	1633.742	7	-0.013066	266	0.06244698	61	0.401	275
5	9	1645.948	16	-0.065049	396	-0.03647988	419	0.331	286
5	10	1864.911	272	-0.079439	428	-0.07982478	556	-0.41	528
5	11	1645.922	15	-0.105342	496	-0.07512129	548	0.043	368
5	12	2361.32	538	0.015445	214	-0.05507798	505	-0.488	544
5	13	1786.869	208	-0.05953	377	-0.1165622	585	-0.462	539
5	14	3022.175	592	-0.083251	440	-0.09113325	567	1.468	134
5	15	2128.865	450	-0.120178	521	-0.08428541	563	-0.374	516
5	16	1696.991	81	-0.078024	424	0.03994999	97	0.155	332
5	17	1983.276	357	-0.061376	383	-0.07691259	553	-0.722	570
5	18	2358.317	537	-0.036858	325	-0.03032074	381	0.245	306
5	19	1677.764	56	-0.010549	259	0.0198598	159	-0.18	464
5	20	1701.139	85	-0.026079	294	0.1029784	36	-0.001	379
5	21	1753.082	165	-0.07884	426	-0.06579833	533	-0.791	578
5	22	1673.444	47	-0.07837	425	0.00603079	219	-0.337	510
5	23	1670.668	42	-0.106429	498	-0.03389858	407	-0.397	520
5	24	2300.442	525	-0.016981	272	-0.05696794	511	-0.755	575
5	25	2044.349	399	-0.056388	368	-0.05023344	485	-0.52	548
5	26	1885.975	289	-0.038263	328	-0.05477011	503	-0.541	550
5	27	1931.253	329	-0.069814	409	-0.03757976	424	-1.167	590
5	28	1653.508	22	-0.080066	431	-0.0161503	308	-0.525	549
5	29	1733.763	140	0.156622	55	0.012105	193	-0.043	402
5	30	1653.587	23	-0.088193	458	-0.06730581	537	-0.03	392
5	31	2422.707	555	-0.101186	487	-0.09549855	573	-0.094	424
5	32	1723.114	122	-0.035078	320	-0.04688165	466	0.244	308
5	33	1632.376	5	-0.067261	399	0.04770819	81	-0.025	387
5	34	1675.614	51	0.037083	164	0.1286331	26	0.34	283
5	35	1716.762	111	-0.058035	374	0.03861592	100	-0.057	408
6	7	2619.995	573	-0.047362	348	-0.028043	371	1.835	103
6	8	2841.425	588	-0.027937	297	-0.06426338	528	1.573	125
6	9	2661.433	575	-0.130926	535	-0.1130558	583	1.039	167
6	10	2546.377	568	-0.169424	569	-0.06563698	532	0.216	322
6	11	2710.516	578	-0.030793	305	-0.02484041	353	-0.067	410
6	12	2233.055	500	-0.154948	559	-0.02814462	373	4.486	35
6	13	2409.666	552	-0.108748	501	-0.03208784	396	2.921	64
6	14	2178.083	473	0.054175	133	0.06080587	64	15.065	2
6	15	2371.13	545	-0.136163	542	-0.06019108	518	2.39	80
6	16	2719.537	580	-0.033577	311	-0.01407746	294	2.847	67
6	17	2318.475	530	0.21318	35	0.08503598	46	5.145	24
6	18	2236.537	502	0.181257	42	0.0636711	60	5.678	20
6	19	2540.385	567	-0.001912	246	-0.01864511	316	-0.408	526
6	20	2438.007	559	0.078802	109	-0.04299499	450	1.043	165
6	21	2429.866	558	-0.019347	275	-0.00721451	263	2.44	78
6	22	2573.693	572	-0.095324	472	-0.04594892	465	-0.407	525
6	23	2888.543	589	-0.035663	324	-0.05815652	514	-0.228	482
6	24	2262.92	510	0.194237	39	0.06886271	57	9.311	5
6	25	2209.723	495	0.02626	182	0.03121675	126	5.507	21
6	26	2287.792	520	-0.011018	261	0.03478256	113	5.273	23
6	27	2333.585	533	0.040516	156	0.03305263	120	9.242	6
6	28	2786.086	586	-0.052554	362	-0.01997449	320	0.06	361
6	29	2364.615	541	-0.021048	281	0.01504816	180	0.803	205
6	30	2622.132	574	0.258905	25	0.09064084	43	-0.037	395
6	31	2257.233	508	0.012311	220	0.03440895	116	7.435	11
6	32	2720.348	581	-0.237518	592	-0.07823399	555	-0.244	485
6	33	2893.58	590	-0.1301	533	-0.09180887	568	-0.476	542
6	34	2692.79	577	-0.094554	471	-0.05180034	492	-0.709	567
6	35	2536.025	566	-0.132208	538	-0.0369806	422	1.428	136
7	8	1663.491	34	0.158531	54	0.1527017	19	2.073	92
7	9	1683.451	67	-0.152999	558	-0.04748777	469	0.227	317
7	10	1839.559	252	0.021572	191	0.0081678	210	0.421	267
7	11	1682.813	65	-0.03565	323	-0.00740693	264	0.284	295
7	12	2209.182	494	0.100212	94	0.01239704	190	0.802	206
7	13	1807.322	231	-0.031711	308	-0.00810141	266	0.71	224
7	14	2747.937	584	0.180912	43	0.01597335	175	0.923	182
7	15	2050.266	405	-0.049609	352	-0.03309642	403	-0.301	505
7	16	1722.713	120	-0.032804	310	-0.01770159	314	-0.039	399
7	17	1945.963	334	0.032997	169	-0.00443138	252	-0.028	389
7	18	2289.827	522	0.001866	234	-0.00720282	262	0.902	185
7	19	1715.716	107	-0.114794	512	-0.03438574	410	-0.168	458
7	20	1741.445	149	0.051178	135	0.0027453	231	-0.443	538
7	21	1785.481	207	0.136593	65	0.03060219	131	-0.199	470
7	22	1713.783	102	-0.051286	357	-0.03633478	418	-0.326	508
7	23	1707.477	93	-0.030557	304	-0.01584245	307	0.088	357
7	24	2196.662	487	0.170175	48	0.05336138	75	2.416	79
7	25	2039.939	391	-0.065377	397	-0.0016713	241	0.24	311
7	26	1894.197	298	0.048742	144	-0.0217686	334	0.262	303
7	27	1946.969	335	-0.010651	260	0.01474499	183	0.982	176
7	28	1686.15	68	-0.06388	394	-0.02079618	326	0.655	234
7	29	1750.961	161	0.128171	69	0.03504396	110	0.93	181
7	30	1695.599	78	-0.058985	376	-0.04916311	476	0.11	350
7	31	2291.813	523	0.083277	105	0.01816249	166	0.187	326
7	32	1766.646	183	-0.125331	529	-0.04178509	446	-0.412	529
7	33	1672.393	45	-0.052536	361	0.02697155	142	-0.147	450
7	34	1711.279	100	-0.103232	491	-0.0255413	358	-0.339	511
7	35	1756.792	170	0.037769	161	0.0148298	181	-0.42	532
8	9	1631.801	3	-0.023579	288	0.1048562	35	0.667	230
8	10	1852.47	261	-0.064145	395	0.01581558	177	-0.298	503
8	11	1633.551	6	0.0207	194	-0.0304988	382	0.018	374
8	12	2369.056	543	-0.04238	339	-0.06645604	535	-0.028	389
8	13	1783.26	201	-0.010414	258	-0.0417562	445	-0.003	381
8	14	3076.082	594	0.002386	233	-0.0127986	287	-0.173	462
8	15	2095.043	425	0.01797	203	-0.02837569	375	-0.068	411
8	16	1673.884	48	0.138063	64	0.07541018	54	-0.142	446
8	17	1963.799	342	-0.008276	254	-0.0610356	521	-0.075	415
8	18	2379.361	547	0.110848	86	-0.03566069	414	-0.253	488
8	19	1666.358	36	-0.1044	494	0.02832019	137	-0.088	420
8	20	1690.414	71	-0.031579	307	0.08057813	48	0.224	319
8	21	1739.846	146	0.046883	151	-0.00651203	259	-0.001	379
8	22	1662.016	31	0.071811	119	-0.02619814	361	-0.051	405
8	23	1655.409	26	0.006697	227	0.03079505	130	0.096	356
8	24	2289.294	521	-0.063341	393	-0.04697543	467	-0.225	481
8	25	2044.025	398	-0.057292	371	-0.04180086	447	-0.2	472
8	26	1873.29	277	-0.001348	243	-0.04245698	448	0.004	378
8	27	1911.713	313	0.077396	113	0.02311997	152	-0.088	420
8	28	1639.604	10	0.037771	160	0.04448559	88	0.005	377
8	29	1714.909	106	0.019564	199	-0.01163315	282	0.538	249
8	30	1641.407	11	-0.089443	459	-0.06585729	534	-0.157	452
8	31	2415.72	553	0.133741	66	0.03295726	121	0.481	257
8	32	1713.888	104	-0.06899	405	-0.02152377	333	0.055	365
8	33	1621.069	1	-0.070907	411	0.02549529	145	-0.047	404
8	34	1669.551	41	-0.024198	289	-0.04976615	479	-0.126	439
8	35	1703.814	90	0.017054	206	0.03454555	115	0.218	321
9	10	1788.317	209	1.023307	3	1.031821	1	1.728	111
9	11	1643.922	12	0.3347	18	0.3118332	7	0.021	373
9	12	2180.565	476	0.177399	45	-0.03093961	386	0.421	267
9	13	1760.435	173	0.555801	7	0.2412447	11	1.172	157
9	14	2717.286	579	0.388157	16	0.05521402	73	-0.658	561
9	15	2049.932	404	0.383019	17	0.1293898	24	1.878	101
9	16	1696.494	79	-0.186024	579	-0.08145024	559	-0.19	466
9	17	1921.239	321	-0.005058	250	-0.05354679	501	-0.074	412
9	18	2286.866	517	-0.101552	488	-0.05944908	517	-0.733	572
9	19	1678.696	59	0.048323	146	0.01176371	197	0.228	316
9	20	1703.558	88	0.033014	168	0.03550132	108	0.844	196
9	21	1749.784	160	0.081206	106	0.01366144	184	-0.133	444
9	22	1677.07	54	-0.162188	563	-0.06715466	536	-0.345	512
9	23	1670.977	43	-0.140974	549	-0.0828556	560	0.05	367
9	24	2228.216	499	-0.180845	576	-0.09779701	576	-0.571	554
9	25	2007.193	371	-0.140709	547	-0.05249226	496	0.088	357
9	26	1874.434	279	-0.191066	582	-0.08480191	564	-0.702	565
9	27	1887.786	293	-0.133954	540	-0.08633498	565	0.289	294
9	28	1654.24	25	-0.122511	524	-0.07025769	543	-0.115	435
9	29	1733.186	138	-0.186723	580	-0.096661	575	0.186	327
9	30	1654.203	24	-0.012807	265	-0.1067837	580	-0.114	433
9	31	2262.283	509	-0.062528	389	-0.04980869	482	-0.222	478
9	32	1722.73	121	-0.161679	562	-0.1366202	591	-0.426	534
9	33	1634.485	9	-0.114625	511	-0.07551411	550	-0.051	405
9	34	1681.186	61	-0.191393	583	-0.1013275	579	-0.104	427
9	35	1715.926	109	-0.169829	570	-0.06354263	527	0.191	325
10	11	1767.735	186	0.416029	12	0.3396757	6	0.128	343
10	12	2089.775	423	0.030626	172	-0.02371408	344	1.338	142
10	13	1877.359	282	0.315831	20	0.2838053	8	0.578	243
10	14	2572.748	571	0.115031	83	0.0123302	191	1.3	148
10	15	1883.936	287	0.396131	14	0.2327903	12	3.568	52
10	16	1851.412	259	-0.019992	278	-0.04857472	474	0.996	170
10	17	1905.54	306	0.049691	141	0.01734505	170	0.763	215
10	18	2155.61	461	0.147665	59	0.02721232	141	3.397	54
10	19	1876.957	281	-0.099212	483	-0.0806202	557	-0.357	514
10	20	1788.557	210	0.057897	130	-0.04576524	464	1.396	138
10	21	1887.72	292	-0.034041	315	-0.00812744	267	-0.273	492
10	22	1841.228	253	-0.097381	479	-0.07599021	552	-0.252	487
10	23	1885.601	288	-0.119108	520	-0.1234476	588	0.281	297
10	24	2145.089	459	-0.051196	356	-0.04472737	457	0.384	277
10	25	2028.907	382	-0.045549	346	-0.0613302	523	0.358	281
10	26	1896.702	299	-0.086568	452	-0.0378351	428	0.839	198
10	27	1954.45	340	-0.061443	385	-0.0349067	411	0.983	175
10	28	1801.981	222	-0.055167	366	-0.0775735	554	0.934	180
10	29	1828.103	244	-0.118942	519	-0.07373287	546	-0.03	392
10	30	1777.775	194	-0.060462	380	-0.03758779	425	-0.146	449
10	31	2207.557	493	-0.061945	387	-0.07512737	549	0.965	178
10	32	1800.387	220	-0.219382	590	-0.1496399	595	0.478	260
10	33	1842.69	254	-0.151491	556	-0.1413966	594	-0.164	456
10	34	1790.478	213	-0.203874	586	-0.1370042	592	0.084	359
10	35	1821.73	238	-0.071569	413	-0.06104563	522	0.874	190
11	12	2183.091	477	0.032	171	-0.00525096	256	1.585	123
11	13	1775.497	190	0.072293	118	0.03224076	123	0.225	318
11	14	2759.363	585	-0.079517	429	-0.01694305	313	-0.304	506
11	15	1978.498	354	-0.008798	255	0.05522057	72	1.075	162
11	16	1691.936	73	-0.068775	404	-0.04059805	441	-0.408	526
11	17	1911.684	312	0.017375	205	0.03572673	107	0.512	252
11	18	2275.746	514	-0.137593	545	-0.07463452	547	0.112	349
11	19	1677.229	55	-0.019756	277	-0.06746406	538	-0.03	392
11	20	1702.129	86	-0.139419	546	-0.01689553	311	0.122	347
11	21	1739.862	147	0.108721	87	-0.01506206	299	0.769	214
11	22	1669.127	40	0.020751	192	-0.03231637	397	0.129	342
11	23	1667.348	38	0.016315	210	0.00994942	202	0.058	362
11	24	2188.161	481	0.07257	117	-0.02126297	330	0.787	209
11	25	2011.015	374	-0.168542	568	-0.05810479	513	-0.268	489
11	26	1863.341	270	0.041016	154	0.0209717	156	-0.22	477
11	27	1897.303	300	0.009796	223	0.03170053	125	-0.105	429
11	28	1651.815	21	-0.062917	392	-0.07027196	544	-0.082	416
11	29	1732.579	135	0.050057	137	-0.00186962	242	-0.074	412
11	30	1644.108	13	0.24051	30	0.21222	14	0.506	255
11	31	2287.438	519	0.029382	175	0.00464718	225	-0.023	386
11	32	1726.221	127	-0.149678	555	-0.1352733	590	-0.489	545
11	33	1632.012	4	-0.090775	461	-0.06174341	525	-0.065	409
11	34	1677.941	57	-0.163961	564	-0.1086525	581	0.153	333
11	35	1707.504	94	0.140546	63	0.08310383	47	0.315	288
12	13	2073.197	418	0.220994	33	0.09157902	41	1.184	156
12	14	2047.124	401	0.060811	128	0.05978725	67	6.128	16
12	15	2023.023	379	-8.57e-4	242	0.01643785	174	5.115	25
12	16	2311.478	529	0.129418	68	0.04148842	91	0.157	331
12	17	2018.563	378	0.049603	142	0.02510729	149	2.313	84
12	18	1985.607	358	0.218313	34	0.1202231	30	6.847	13
12	19	2192.509	483	0.11229600000000001	85	-0.01520407	300	0.808	204
12	20	2047.16	402	-0.108866	502	-0.05053831	489	3.03	60
12	21	2041.55	393	-0.057607	373	-0.01088878	273	1.502	130
12	22	2117.416	444	-0.22774	591	-0.06552969	531	1.041	166
12	23	2365.801	542	-0.061348	382	-0.0227302	338	1.35	140
12	24	2099.722	430	0.141714	62	0.07853891	49	4.188	40
12	25	2025.366	381	0.051077	136	-0.00353942	247	6.611	14
12	26	2040.949	392	0.085535	103	0.01842949	164	2.661	73
12	27	2130.331	452	0.007413	226	0.02526388	147	2.379	82
12	28	2322.477	532	-0.083552	443	-0.04922792	477	0.101	354
12	29	2043.447	397	0.093588	100	0.02980333	135	1.688	116
12	30	2158.472	464	0.026302	181	-0.01152715	281	0.865	191
12	31	2039.76	390	0.049935	138	0.05670724	71	3.678	47
12	32	2157.961	462	-0.091105	462	0.00507596	223	1.606	119
12	33	2371.001	544	-0.085911	449	-0.07302312	545	-0.088	420
12	34	2161.052	467	-0.141692	550	-0.03881252	433	0.751	218
12	35	2129.882	451	-0.007616	253	0.04624888	86	1.589	122
13	14	2300.32	524	0.233914	31	0.1251402	28	0.913	184
13	15	2051.76	407	-0.036883	326	-0.01501586	298	0.694	226
13	16	1823.119	240	0.061118	127	0.01273139	189	0.557	246
13	17	1847.738	256	0.259835	24	0.1237261	29	4.094	41
13	18	2108.015	438	-0.018555	273	0.01779504	169	2.044	94
13	19	1749.068	158	0.037373	162	-0.03338905	404	1.563	127
13	20	1804.863	229	0.020244	197	-0.05681131	510	0.677	228
13	21	1795.474	214	0.174826	46	0.07576914	51	3.204	56
13	22	1785.054	204	0.067879	123	-0.02683522	366	0.139	337
13	23	1802.066	223	-0.046881	347	-0.06528628	529	0.032	369
13	24	2185.939	479	-0.164915	566	-0.0078529	265	0.771	213
13	25	2013.666	376	-0.031756	309	0.00821233	209	0.836	200
13	26	1880.484	285	0.122401	74	0.03095859	129	1.322	145
13	27	1907.568	308	-0.083517	442	-0.02798703	370	2.695	72
13	28	1781.342	198	-0.082442	436	-0.05245678	495	0.274	300
13	29	1806.712	230	-0.068357	402	-0.00574502	257	1.426	137
13	30	1765.833	182	0.047953	148	-0.02231091	335	0.48	258
13	31	2039.616	389	-0.055695	367	0.01712036	171	3.703	45
13	32	1833.985	248	-0.205956	587	-0.1306395	589	-0.402	523
13	33	1782.252	199	-0.239627	594	-0.1135095	584	-0.087	419
13	34	1800.452	221	-0.172094	573	-0.0950703	572	-0.504	547
13	35	1809.217	233	-0.211523	589	-0.04974783	478	1.245	154
14	15	2225.498	498	0.106107	91	0.04549916	87	1.725	112
14	16	2726.456	582	0.106218	90	0.04076212	95	2.944	62
14	17	2237.338	503	0.073973	115	0.01209239	194	3.278	55
14	18	2041.705	394	0.115698	81	0.06120197	63	11.936	4
14	19	2497.695	562	0.016875	207	-0.00518978	255	-0.009	383
14	20	2386.344	549	0.016509	209	-0.0525655	497	2.28	86
14	21	2274.904	513	0.065508	125	0.00724363	213	1.591	120
14	22	2450.645	561	-0.124432	527	-0.05051211	487	1.744	107
14	23	3064.749	593	-0.127024	530	-0.05563263	507	0.234	314
14	24	2240.099	506	0.078177	111	0.07541659	53	8.217	8
14	25	2196.077	486	0.095348	99	0.06145918	62	4.82	30
14	26	2238.758	505	0.046789	152	0.0330646	118	5.068	27
14	27	2338.646	534	0.058243	129	0.03779765	102	4.764	31
14	28	2925.1	591	0.027975	177	-0.01848988	315	0.954	179
14	29	2362.766	539	0.016015	212	-0.00324471	246	-1.652	594
14	30	2516.825	563	-0.128022	531	-0.0498005	481	0.184	328
14	31	2103.264	434	-0.062671	390	0.03234306	122	7.457	10
14	32	2548.124	569	-0.167187	567	-0.05639169	509	0.726	221
14	33	3085.273	595	-0.10469	495	-0.1108664	582	-0.029	391
14	34	2568.708	570	-0.130329	534	-0.02372803	345	0.86	193
14	35	2443.362	560	-0.075177	419	-0.01459342	296	1.149	159
15	16	2045.328	400	0.149283	58	0.0736247	55	0.651	235
15	17	1963.952	343	-0.003562	249	0.04731192	83	3.11	58
15	18	2066.507	414	0.164613	51	0.09669559	38	4.61	34
15	19	2101.323	432	0.113445	84	0.01299696	187	1.536	128
15	20	1972.765	347	0.08042	107	-0.04820237	473	1.899	99
15	21	2013.582	375	-0.08688	453	-0.02379627	346	0.994	171
15	22	2062.814	413	0.17373	47	0.07545258	52	0.242	309
15	23	2132.853	453	-0.113918	510	-0.09436115	571	0.124	346
15	24	2090.094	424	-0.051082	355	0.01686079	173	4.661	33
15	25	2088.188	422	-0.101891	489	-0.00355588	248	0.486	256
15	26	1996.099	366	-0.082547	437	-0.01002104	270	2.831	68
15	27	2122.881	446	-0.124472	528	-0.05141111	490	-0.046	403
15	28	2032.237	385	-0.091195	463	-0.03145274	391	0.138	339
15	29	1958.727	341	0.068684	122	0.01963649	160	1.47	133
15	30	1994.163	365	0.034435	166	0.04102563	93	0.007	376
15	31	2099.016	429	-0.062709	391	-0.04142078	444	4.393	36
15	32	1999.865	368	0.047487	150	0.05778795	69	0.74	220
15	33	2115.937	443	-0.061432	384	-0.1222438	587	-0.289	498
15	34	1993.418	364	-0.03153	306	-0.04977661	480	0.067	360
15	35	1930.937	328	0.099118	96	0.02555366	144	3.913	43
16	17	1992.085	362	0.014367	217	0.01814973	167	0.38	278
16	18	2263.604	511	0.036646	165	0.03119552	127	2.188	88
16	19	1725.101	124	-0.019451	276	0.00332938	228	-0.15	451
16	20	1751.991	163	0.026713	180	-0.00384628	249	0.24	311
16	21	1796.716	215	-0.051587	358	-0.03204091	395	0.262	303
16	22	1725.229	125	0.022118	189	-0.03303795	402	-0.557	551
16	23	1718.062	114	-0.070664	410	-0.03186875	394	-0.128	440
16	24	2280.599	516	-0.011378	263	-0.01344263	291	1.737	110
16	25	2067.44	416	-0.028544	300	-0.02010291	322	-0.114	433
16	26	1891.468	295	-0.044176	343	-0.01481381	297	1.591	120
16	27	1951.772	338	-0.027316	296	0.00664344	216	0.857	194
16	28	1698.695	84	0.018546	202	0.06008028	66	0.312	289
16	29	1776.044	191	-0.048402	350	0.00620355	217	0.428	265
16	30	1692.113	74	0.17855	44	0.1289817	25	0.635	237
16	31	2355.702	535	-0.035105	321	-0.01122184	278	1.316	146
16	32	1783.833	203	-0.053678	364	-0.0806687	558	-0.416	530
16	33	1682.865	66	-0.10822	500	-0.03949481	436	-0.09	423
16	34	1733.137	137	0.019338	200	-0.0526761	498	-0.136	445
16	35	1765.565	180	0.093287	101	0.00972204	204	0.109	352
17	18	2113.675	441	0.024259	186	0.03407302	117	2.701	71
17	19	1908.319	309	0.195657	38	-0.0229084	339	0.051	366
17	20	1915.874	317	0.013384	219	-0.04269719	449	0.056	364
17	21	1871.391	275	0.224401	32	0.1126072	32	5.721	19
17	22	1928.967	327	-0.190092	581	-0.06266659	526	-0.807	580
17	23	1967.342	345	-0.04091	335	-0.04778879	470	0.795	208
17	24	2113.388	440	0.016062	211	0.02255166	153	1.568	126
17	25	2062.682	412	-0.040381	333	0.00440964	226	0.598	240
17	26	1916.723	318	0.027727	178	0.009108	207	3.851	44
17	27	1982.649	356	-0.116391	514	-0.03244099	398	1.693	115
17	28	1969.851	346	-0.116591	515	-0.0334896	405	0.312	289
17	29	1899.054	302	0.001806	235	0.04673898	84	0.78	211
17	30	1891.982	296	0.107216	88	0.0487597	80	0.237	313
17	31	1988.724	360	0.142333	61	0.1078034	34	6.056	17
17	32	1932.905	330	-0.140793	548	-0.03115045	388	0.222	320
17	33	1964.097	344	-0.131762	536	-0.1171443	586	-0.269	491
17	34	1922.524	323	-0.183906	577	-0.03620067	416	-0.163	455
17	35	1928.139	326	0.096037	98	0.02510233	150	2.162	89
18	19	2205.288	490	0.1177	77	0.02521964	148	2.189	87
18	20	2134.835	455	-0.143479	552	-0.05031789	486	2.648	75
18	21	2118.071	445	0.099131	95	0.01581865	176	2.502	77
18	22	2179.638	474	-0.080209	432	-0.04490941	461	-0.181	465
18	23	2386.513	550	-0.021223	282	-0.02810976	372	0.8	207
18	24	2198.218	489	-0.028497	298	0.01217039	192	6.448	15
18	25	2098.135	427	-0.059882	379	-0.00422065	251	1.063	163
18	26	2098.271	428	0.016641	208	0.04303607	89	5.499	22
18	27	2210.343	496	-0.033986	314	0.02084149	157	1.743	109
18	28	2321.742	531	-0.015934	270	-0.0111134	277	-0.291	501
18	29	2126.155	449	0.023895	187	0.01115409	198	0.231	315
18	30	2172.667	472	-0.076788	422	-0.03874246	431	0.536	250
18	31	2097.989	426	0.003677	232	0.01700738	172	1.952	98
18	32	2194.637	485	-0.018909	274	-0.05176404	491	1.768	106
18	33	2356.123	536	-0.073866	418	-0.0931877	569	0.404	274
18	34	2193.432	484	0.104168	93	0.01820244	165	0.647	236
18	35	2205.462	491	0.006098	229	0.01079324	200	-0.29	500
19	20	1731.617	134	0.020726	193	0.1332034	23	0.897	186
19	21	1755.061	168	0.079434	108	0.02122649	154	1.286	150
19	22	1697.125	82	3.62e-4	239	0.02985806	134	1.271	152
19	23	1691.104	72	0.037969	159	0.0638297	59	-0.559	552
19	24	2188.034	480	0.023601	188	-0.00248998	244	2.737	70
19	25	2016.901	377	0.017619	204	-0.01150736	280	0.139	337
19	26	1856.344	264	-0.111196	507	-0.03778242	427	3.619	49
19	27	1873.761	278	-0.026063	293	-0.02029382	324	2.109	91
19	28	1682.355	64	0.085583	102	0.01288026	188	-0.387	517
19	29	1763.961	179	-0.095449	474	-0.02058472	325	-0.775	576
19	30	1678.075	58	-0.184812	578	-0.01677884	310	0.44	264
19	31	2171.309	471	0.0675	124	-0.03918198	435	-0.038	397
19	32	1754.992	167	-0.028511	299	-0.04336578	452	-0.643	559
19	33	1662.511	33	-0.121294	522	0.02867825	136	-0.119	437
19	34	1703.809	89	-0.016108	271	0.01913392	162	-0.59	555
19	35	1730.664	133	0.001182	237	0.00613729	218	-0.003	381
20	21	1804.576	227	-0.042245	338	0.03188505	124	0.76	216
20	22	1728.731	131	-0.082621	438	0.07143578	56	1.451	135
20	23	1724.108	123	-0.051694	359	-0.01692802	312	-0.037	395
20	24	2147.072	460	-0.087856	457	-0.04792528	471	0.447	263
20	25	2005.22	370	-0.157722	560	-0.03649958	420	2.849	66
20	26	1904.964	305	0.11706	78	-0.02250068	336	0.754	217
20	27	1921.412	322	-0.098271	481	-0.05206366	493	1.011	169
20	28	1705.928	91	-0.097999	480	0.00514949	222	0.169	329
20	29	1778.624	197	-0.080712	433	-0.03013381	379	0.974	177
20	30	1709.887	96	-0.068208	401	-0.0341948	409	-0.279	495
20	31	2168.157	470	-0.048358	349	-0.04991453	483	-0.44	536
20	32	1756	169	0.331807	19	0.09101478	42	0.15	334
20	33	1688.287	70	0.116371	79	0.0892046	44	-0.04	400
20	34	1727.137	128	0.160289	53	-0.00686197	261	0.279	299
20	35	1760.613	174	-0.039105	330	0.01479941	182	0.845	195
21	22	1763.897	178	-0.022285	286	-0.01892737	317	0.016	375
21	23	1734.188	141	0.061894	126	0.01894483	163	0.028	370
21	24	2079.126	419	-0.082681	439	0.00174391	234	0.986	174
21	25	2007.976	372	-0.025732	292	-0.01227348	285	1.979	97
21	26	1886.953	291	0.126206	71	0.03054222	132	0.671	229
21	27	1910.337	310	-0.020298	279	0.00524955	221	2.382	81
21	28	1749.32	159	0.124164	73	0.06069235	65	0.662	232
21	29	1799.508	219	-0.069795	408	-0.03115629	389	1.812	104
21	30	1757.461	171	-0.107323	499	-0.04705264	468	0.193	324
21	31	2030.904	384	-0.096632	477	-0.03082838	385	1.774	105
21	32	1798.251	217	-0.095699	475	-0.00469538	254	0.057	363
21	33	1738.049	144	-0.025522	291	-0.03286841	400	0.33	287
21	34	1767.457	185	-0.143954	553	-0.04396396	454	-0.433	535
21	35	1785.427	206	0.038024	158	-0.01366966	292	0.561	244
22	23	1675.561	50	0.20111	36	0.2240812	13	0.619	239
22	24	2133.906	454	0.255263	27	0.03639427	106	2.97	61
22	25	1997.898	367	0.557703	6	0.1151493	31	3.167	57
22	26	1874.478	280	-0.01133	262	-0.01213188	284	0.695	225
22	27	1898.842	301	0.280568	22	0.04146632	92	1.328	144
22	28	1660.625	29	0.030543	173	0.07790332	50	1.307	147
22	29	1748.723	157	0.078443	110	-0.00818768	268	-0.214	475
22	30	1681.964	63	-0.060495	381	-0.02503661	354	-0.861	582
22	31	2162.117	469	0.030112	174	0.03488	112	1.582	124
22	32	1737.379	142	-0.001371	244	0.03477212	114	0.895	187
22	33	1661.325	30	0.106552	89	0.04216275	90	-0.776	577
22	34	1710.606	99	-0.110491	504	-0.06169912	524	-0.652	560
22	35	1739.781	145	-0.202633	585	-0.03119822	390	-0.171	461
23	24	2243.873	507	0.130976	67	0.03001841	133	2.519	76
23	25	2060.177	410	0.01925	201	-0.02133894	331	-0.874	583
23	26	1854.27	263	0.242165	29	0.1860749	17	0.919	183
23	27	1920.755	320	0.168443	49	0.05752299	70	-0.145	448
23	28	1655.48	27	0.181676	41	0.1028917	37	0.747	219
23	29	1728.583	130	-0.030003	303	0.0013351	235	0.994	171
23	30	1668.512	39	-0.005653	251	-0.01170543	283	-0.196	468
23	31	2417.808	554	-0.038307	329	-0.02825797	374	1.494	131
23	32	1725.281	126	-0.022282	285	-0.02380748	347	0.775	212
23	33	1646.754	17	0.164163	52	0.2021526	16	-0.142	446
23	34	1693.381	75	-0.061661	386	-0.03504359	412	-0.398	521
23	35	1733.08	136	0.052518	134	0.00242947	232	0.103	353
24	25	2054.511	409	0.275993	23	0.08881396	45	8.978	7
24	26	2042.588	396	-0.041686	336	0.0111465	199	5.008	29
24	27	2082.025	421	0.084124	104	0.04074006	96	4.709	32
24	28	2287.405	518	0.074389	114	-0.01094661	274	0.11	350
24	29	2102.667	433	-0.056939	369	-0.01287806	289	0.026	372
24	30	2238.163	504	-0.072183	415	-0.05008657	484	-0.244	485
24	31	2141.834	457	0.025366	184	0.0501317	78	5.084	26
24	32	2233.223	501	0.042179	153	7.3323e-4	236	1.239	155
24	33	2304.452	528	-0.034259	316	-0.08976489	566	-0.243	484
24	34	2211.461	497	-0.044898	344	-0.02512765	355	-0.086	418
24	35	2180.356	475	0.040783	155	0.01306827	186	0.39	276
25	26	1988.491	359	-0.034709	318	-0.01103924	276	2.936	63
25	27	1975.649	350	0.395852	15	0.1451848	20	7.792	9
25	28	2037.33	387	0.06996	120	-0.01258065	286	0.365	279
25	29	1973.416	348	-0.085011	447	-0.03098147	387	0.862	192
25	30	1989.939	361	0.153955	57	0.03489041	111	0.819	202
25	31	2041.933	395	0.048691	145	0.06383792	58	5.023	28
25	32	2081.85	420	-0.071087	412	0.01314332	185	-0.891	585
25	33	2038.856	388	0.020493	195	-0.03758806	426	0.595	241
25	34	2029.372	383	-0.131875	537	-0.01535872	302	1.053	164
25	35	2008.873	373	0.028406	176	-0.01280218	288	1.104	161
26	27	1945.844	333	-0.002025	247	0.00280408	230	2.811	69
26	28	1857.211	266	0.119645	76	0.02082719	158	1.99	96
26	29	1883.726	286	0.147182	60	0.0476445	82	1.891	100
26	30	1859.64	268	0.015225	215	0.00943951	205	0.344	282
26	31	2069.782	417	0.188413	40	0.05888798	68	2.649	74
26	32	1911.76	314	-0.057004	370	-0.01079211	272	0.479	259
26	33	1865.503	273	0.0201	198	-0.02759193	369	-0.442	537
26	34	1879.664	283	-0.057491	372	-0.01930336	318	0.281	297
26	35	1915.71	316	-0.102476	490	-0.03290996	401	-0.494	546
27	28	1912.131	315	0.098574	97	0.02617319	143	1.038	168
27	29	1893.228	297	0.026054	183	-0.00829072	269	3.678	47
27	30	1910.677	311	-0.083283	441	-0.02943345	376	0.887	189
27	31	2103.372	435	0.04984	139	0.03748214	103	4.195	39
27	32	1981.249	355	-0.091471	464	-0.02738657	367	-1.214	591
27	33	1920.225	319	-0.021472	283	-0.03973413	437	0.301	291
27	34	1926.893	324	-0.093551	467	-0.02006463	321	0.723	222
27	35	1949.664	337	0.049828	140	0.02794141	139	0.16	330
28	29	1707.86	95	0.003976	231	-0.001981	243	1.492	132
28	30	1647.884	18	0.24356	28	0.09272275	40	-0.103	426
28	31	2373.854	546	0.034078	167	0.00939682	206	1.614	117
28	32	1710.547	98	-0.039136	331	-0.04015962	440	0.284	295
28	33	1628.122	2	0.155802	56	0.2022678	15	-0.307	507
28	34	1678.745	60	-0.105692	497	-0.03700898	423	-0.693	564
28	35	1717.939	113	-0.044943	345	-0.03597194	415	-0.038	397
29	30	1719.68	117	0.078173	112	0.03935145	99	0.989	173
29	31	2051.285	406	0.104606	92	0.01920267	161	2.885	65
29	32	1773.199	189	0.037175	163	0.03728283	105	1.108	160
29	33	1709.959	97	0.126019	72	0.11118310000000001	33	-0.074	412
29	34	1742.199	150	-0.052589	363	-0.02407391	348	-0.224	479
29	35	1789.209	212	0.001011	238	0.00500248	224	0.691	227
30	31	2184.157	478	-0.03937	332	-0.02355038	343	0.296	293
30	32	1714.883	105	0.05463	132	0.01813382	168	-0.04	400
30	33	1634.409	8	0.168305	50	0.1808565	18	0.838	199
30	34	1681.728	62	-0.164137	565	-0.06073089	520	0.511	253
30	35	1716.296	110	-0.014995	267	-0.01099556	275	-0.025	387
31	32	2161.428	468	-0.034635	317	-0.02299544	340	3.089	59
31	33	2392.806	551	0.049293	143	-0.02518005	356	0.723	222
31	34	2198.181	488	-0.084504	446	-0.04477664	459	1.16	158
31	35	2139.865	456	0.255882	26	0.03994775	98	3.534	53
32	33	1677.048	53	0.439749	11	0.2624514	9	2.354	83
32	34	1671.687	44	1.47557	2	0.856566	2	5.965	18
32	35	1778.248	196	-0.075996	420	-0.05633658	508	-0.608	557
33	34	1658.624	28	0.310662	21	0.1388277	21	1.362	139
33	35	1703.183	87	0.005129	230	-0.03877063	432	-0.219	476
34	35	1717.231	112	0.398851	13	0.09409321	39	3.683	46
